{
    "Region": "us-east-1",
    "IdentityManager": {
        "Default": {}
    },
    "CredentialsProvider": {
        "CognitoIdentity": {
            "Default": {
                "PoolId": "us-east-1:cae961ca-cc4c-4156-b29f-6c261118ad01",
                "Region": "us-east-1"
            }
        }
    },
    "CognitoUserPool": {
        "Default": {
            "PoolId": "us-east-1_2MjhVtNvl",
            "AppClientId": "7l6327mincc632o91d3qr493an",
            "AppClientSecret": "1p48rhsqaggc65a0top310f25kde5emc2f9tev0bv79466i76vq3",
            "Region": "us-east-1"
        }
    }
}
